{
  "normalized_scores": [
    0.29501709626149264,
    0.6991682601095242,
    0.0,
    0.07138916656592205,
    0.12261474983350734,
    0.08141065461982117,
    0.09024881696386634,
    0.030798402745880034,
    0.06935015818005787,
    0.27334678220144065,
    0.1897139395751025,
    0.24106357626212255,
    0.3204744833069405,
    0.37946506151450976,
    0.47463163625873944,
    1.0
  ],
  "thresholds": {
    "all_w4a8": {
      "ppl": 21.224659405088296,
      "n_tokens": 5764,
      "n_w4a16": 0
    },
    "t=0.30": {
      "ppl": 21.210477557661996,
      "n_tokens": 5764,
      "n_w4a16": 5
    },
    "t=0.10": {
      "ppl": 21.240895745276504,
      "n_tokens": 5764,
      "n_w4a16": 10
    },
    "t=0.05": {
      "ppl": 21.241340578109554,
      "n_tokens": 5764,
      "n_w4a16": 14
    },
    "all_w4a16": {
      "ppl": 21.234500752712034,
      "n_tokens": 5764,
      "n_w4a16": 16
    }
  }
}