{"model_path": "/models/llama1b", "model_arch": "Llama", "model_params": "1.2B", "num_layers": 16, "hidden_size": 2048, "timestamp": "1776044653", "params": {"max_new_tokens": 40, "temperature": 0.0, "top_p": 1.0, "hot_budget_mb": 91708, "warm_budget_mb": 275124, "target_bpw": 4.0, "num_prompts": 5}, "configurations": [{"config": "C_profiled_quant", "label": "C: Profiled + Quantized (PG + AWQ)", "results": [{"prompt": "The theory of general relativity explains that", "generated_text": " the following is the case.\nThe theory of general reli\nThe theory of general reli\nThe theory of general reli\nThe theory of general reli\nThe theory of general reli", "generated_tokens": [279, 2768, 374, 279, 1162, 627, 791, 10334, 315, 4689, 1375, 72, 198, 791, 10334, 315, 4689, 1375, 72, 198, 791, 10334, 315, 4689, 1375, 72, 198, 791, 10334, 315, 4689, 1375, 72, 198, 791, 10334, 315, 4689, 1375, 72], "prompt_tokens": 9, "num_generated": 40, "prefill_time_ms": 48141.751328, "decode_time_ms": 9248.800943999999, "total_time_ms": 57390.661942, "tokens_per_sec": 4.216762825380147, "ms_per_token": 231.22002359999996, "quality": {"unique_bigram_ratio": 0.3333333333333333, "unique_trigram_ratio": 0.34210526315789475, "max_repeat_run": 0, "token_count": 40, "hit_eos": false}}, {"prompt": "The three branches of the United States government are", "generated_text": " the following.\n1. The 1,000,000,000,000,000,000,000,000,000,000,000,000,000,000,000,000", "generated_tokens": [279, 2768, 627, 16, 13, 578, 220, 16, 11, 931, 11, 931, 11, 931, 11, 931, 11, 931, 11, 931, 11, 931, 11, 931, 11, 931, 11, 931, 11, 931, 11, 931, 11, 931, 11, 931, 11, 931, 11, 931], "prompt_tokens": 10, "num_generated": 40, "prefill_time_ms": 1937.673758, "decode_time_ms": 9173.203278, "total_time_ms": 11110.944134000001, "tokens_per_sec": 4.251513764393873, "ms_per_token": 229.33008195000002, "quality": {"unique_bigram_ratio": 0.2564102564102564, "unique_trigram_ratio": 0.2631578947368421, "max_repeat_run": 0, "token_count": 40, "hit_eos": false}}, {"prompt": "Photosynthesis is the process by which plants", "generated_text": " and trees are the subject of the subject of the subject of the subject of the subject of the subject of the subject of the subject of the subject of the subject of the subject of the subject of the", "generated_tokens": [323, 12690, 527, 279, 3917, 315, 279, 3917, 315, 279, 3917, 315, 279, 3917, 315, 279, 3917, 315, 279, 3917, 315, 279, 3917, 315, 279, 3917, 315, 279, 3917, 315, 279, 3917, 315, 279, 3917, 315, 279, 3917, 315, 279], "prompt_tokens": 9, "num_generated": 40, "prefill_time_ms": 1774.1167500000001, "decode_time_ms": 9215.791668, "total_time_ms": 10989.976108, "tokens_per_sec": 4.231866496659178, "ms_per_token": 230.39479169999998, "quality": {"unique_bigram_ratio": 0.15384615384615385, "unique_trigram_ratio": 0.15789473684210525, "max_repeat_run": 0, "token_count": 40, "hit_eos": false}}, {"prompt": "def fibonacci(n):", "generated_text": " return \"P\" + \"R\" + \"C\" + \"M\" + \"D\" + \"D\" + \"D\" + \"D\" + \"D\" + \"D\"", "generated_tokens": [471, 330, 47, 1, 489, 330, 49, 1, 489, 330, 34, 1, 489, 330, 44, 1, 489, 330, 35, 1, 489, 330, 35, 1, 489, 330, 35, 1, 489, 330, 35, 1, 489, 330, 35, 1, 489, 330, 35, 1], "prompt_tokens": 5, "num_generated": 40, "prefill_time_ms": 994.906631, "decode_time_ms": 9133.519821, "total_time_ms": 10128.49306, "tokens_per_sec": 4.26998580660331, "ms_per_token": 228.337995525, "quality": {"unique_bigram_ratio": 0.3333333333333333, "unique_trigram_ratio": 0.42105263157894735, "max_repeat_run": 0, "token_count": 40, "hit_eos": false}}, {"prompt": "In machine learning, gradient descent is used to", "generated_text": " learn.\nThe The The The The The The The The The The The The The The The The The The The The The The The The The The The The The The The The The The The The The", "generated_tokens": [4048, 627, 791, 578, 578, 578, 578, 578, 578, 578, 578, 578, 578, 578, 578, 578, 578, 578, 578, 578, 578, 578, 578, 578, 578, 578, 578, 578, 578, 578, 578, 578, 578, 578, 578, 578, 578, 578, 578, 578], "prompt_tokens": 10, "num_generated": 40, "prefill_time_ms": 1940.0402809999998, "decode_time_ms": 9160.324348, "total_time_ms": 11100.431317, "tokens_per_sec": 4.257491167167567, "ms_per_token": 229.0081087, "quality": {"unique_bigram_ratio": 0.10256410256410256, "unique_trigram_ratio": 0.10526315789473684, "max_repeat_run": 37, "token_count": 40, "hit_eos": false}}], "summary": {"avg_prefill_ms": 10957.6977496, "avg_decode_ms_per_token": 229.658200295, "avg_tokens_per_sec": 4.245524012040815, "total_tokens_generated": 200, "total_time_ms": 100720.506561, "peak_memory_mb": 3787.59375, "avg_unique_bigram_ratio": 0.2358974358974359, "avg_unique_trigram_ratio": 0.25789473684210523, "avg_max_repeat_run": 7.4}, "paging_info": {"page_hits": 5503, "page_faults": 16, "fault_rate_pct": 0.2899075919550643, "layers_loaded": 16, "layers_evicted": 0, "load_time_ms": 46316.776959999996, "active_layers": 16, "total_layers": 16, "profiling_time_ms": 2011075.368221, "layer_importance_scores": [77.78533176849382, 61.31140915336528, 70.80721379171692, 70.7054761374403, 69.4929727974759, 66.4383458585528, 66.69825546897381, 61.36138676927045, 65.13438431805106, 80.66278317580631, 71.4143977440271, 77.44109588552325, 84.13335522227709, 88.85056907235848, 90.64084919776359, 131.4486925794298], "layer_quant_assignments": ["q4", "q4", "q4", "q4", "q4", "q4", "q4", "q4", "q4", "q4", "q4", "q4", "q4", "q4", "q4", "q4"], "layer_stability_top_k_overlap": 1.0, "scorer_comparison": {"scores_proxy": [77.78533176849382, 61.31140915336528, 70.80721379171692, 70.7054761374403, 69.4929727974759, 66.4383458585528, 66.69825546897381, 61.36138676927045, 65.13438431805106, 80.66278317580631, 71.4143977440271, 77.44109588552325, 84.13335522227709, 88.85056907235848, 90.64084919776359, 131.4486925794298], "scores_ffn_only": [4.756848713393245, 2.242986355609602, 2.0627217932262507, 2.460029883046026, 2.658132991045355, 2.681567443657392, 2.706988815951574, 2.8955912365572076, 3.6916147825907775, 4.135352267929556, 4.323213713266433, 4.5908020411196055, 5.10306608807114, 6.051049923794997, 7.21061069362912, 41.20336068961038], "scores_attn_proxy": [73.0284830551006, 59.06842279775568, 68.74449199849067, 68.24544625439427, 66.83483980643055, 63.7567784148954, 63.9912666530222, 58.465795532713244, 61.44276953546025, 76.52743090787679, 67.09118403076067, 72.85029384440364, 79.03028913420594, 82.79951914856348, 83.43023850413446, 90.24533188981948], "scores_input_l2": [9.38749717414499, 15.445966221560404, 20.35140730201328, 18.03211134247514, 18.898176685969883, 21.037164120557136, 20.531327607453804, 20.309373226818376, 22.284623969333445, 20.892545932437702, 24.14536911410269, 23.17856811404321, 23.04790171912143, 25.4544001469779, 23.243071218240758, 23.396834670768275], "tau_ffn_vs_proxy": 0.6166666666666667, "tau_attn_vs_proxy": 0.95, "tau_input_vs_proxy": 0.4, "topk_ffn_vs_proxy": 1.0, "topk_attn_vs_proxy": 0.875, "topk_input_vs_proxy": 0.75, "attn_proxy_cost_ms": 792.036052, "total_time_ms": 2011074.7570220002, "attn_proxy_fraction": 0.00039383720034994976}}, "task_results": [{"category": "qa", "prompt": "The capital of France is", "expected": "paris", "generated": " the only thing in the world. The world. The world. The world. The world. The", "passed": false}, {"category": "qa", "prompt": "Water is composed of hydrogen and", "expected": "oxygen", "generated": " alcohol. Alcohol is a chemical. Alcohol is a chemical. Alcohol is a chemical. Alcohol is a", "passed": false}, {"category": "qa", "prompt": "The largest planet in the solar system is", "expected": "jupiter", "generated": " the 9th planet in the 9th solar system. The 9th planet in the", "passed": false}, {"category": "reasoning", "prompt": "If today is Monday, tomorrow is", "expected": "tuesday", "generated": " the next day. The next day is the next day. The next day is the next day.",