{"model_path": "/models/llama1b", "model_arch": "Llama", "model_params": "1.2B", "num_layers": 16, "hidden_size": 2048, "timestamp": "1776035194", "params": {"max_new_tokens": 40, "temperature": 0.0, "top_p": 1.0, "hot_budget_mb": 91708, "warm_budget_mb": 275124, "target_bpw": 0.5, "num_prompts": 5}, "configurations": [{"config": "C_profiled_quant", "label": "C: Profiled + Quantized (PG + AWQ)", "results": [{"prompt": "The theory of general relativity explains that", "generated_text": " the following is the case.\n1. The following is the case.\n2. The following is the case.\n3. The following is the case.\n4. The following is the case.\n5.", "generated_tokens": [279, 2768, 374, 279, 1162, 627, 16, 13, 578, 2768, 374, 279, 1162, 627, 17, 13, 578, 2768, 374, 279, 1162, 627, 18, 13, 578, 2768, 374, 279, 1162, 627, 19, 13, 578, 2768, 374, 279, 1162, 627, 20, 13], "prompt_tokens": 9, "num_generated": 40, "prefill_time_ms": 7138.584782, "decode_time_ms": 5645.144259000001, "total_time_ms": 12783.811409, "tokens_per_sec": 6.908592271636401, "ms_per_token": 141.12860647500003, "quality": {"unique_bigram_ratio": 0.4358974358974359, "unique_trigram_ratio": 0.5263157894736842, "max_repeat_run": 0, "token_count": 40, "hit_eos": false}}, {"prompt": "The three branches of the United States government are", "generated_text": " the following:\n1. The first and the most important is the following:\n2. The second and the second and the second and the second and the second and the second and the second and the second", "generated_tokens": [279, 2768, 512, 16, 13, 578, 1176, 323, 279, 1455, 3062, 374, 279, 2768, 512, 17, 13, 578, 2132, 323, 279, 2132, 323, 279, 2132, 323, 279, 2132, 323, 279, 2132, 323, 279, 2132, 323, 279, 2132, 323, 279, 2132], "prompt_tokens": 10, "num_generated": 40, "prefill_time_ms": 999.7403489999999, "decode_time_ms": 5471.460821, "total_time_ms": 6471.2687989999995, "tokens_per_sec": 7.127895323734056, "ms_per_token": 136.786520525, "quality": {"unique_bigram_ratio": 0.4358974358974359, "unique_trigram_ratio": 0.5263157894736842, "max_repeat_run": 0, "token_count": 40, "hit_eos": false}}, {"prompt": "Photosynthesis is the process by which plants", "generated_text": " and trees are able to take in the sun\u2019s rays and the water\u2019s rays. Photosynthesis is the process by which plants and trees are able to take in the sun\u2019s rays and the water\u2019s", "generated_tokens": [323, 12690, 527, 3025, 311, 1935, 304, 279, 7160, 753, 45220, 323, 279, 3090, 753, 45220, 13, 16912, 74767, 374, 279, 1920, 555, 902, 11012, 323, 12690, 527, 3025, 311, 1935, 304, 279, 7160, 753, 45220, 323, 279, 3090, 753], "prompt_tokens": 9, "num_generated": 40, "prefill_time_ms": 894.772781, "decode_time_ms": 5509.2522260000005, "total_time_ms": 6404.113537, "tokens_per_sec": 7.0790006338693265, "ms_per_token": 137.73130565000002, "quality": {"unique_bigram_ratio": 0.6153846153846154, "unique_trigram_ratio": 0.6578947368421053, "max_repeat_run": 0, "token_count": 40, "hit_eos": false}}, {"prompt": "def fibonacci(n):", "generated_text": " return fibonacci(n) n n n n n n n n n n n n n n n n n n n n n n n n n n n n n n n n n n n n", "generated_tokens": [471, 76798, 1471, 8, 308, 308, 308, 308, 308, 308, 308, 308, 308, 308, 308, 308, 308, 308, 308, 308, 308, 308, 308, 308, 308, 308, 308, 308, 308, 308, 308, 308, 308, 308, 308, 308, 308, 308, 308, 308], "prompt_tokens": 5, "num_generated": 40, "prefill_time_ms": 525.549924, "decode_time_ms": 5716.598564, "total_time_ms": 6242.2469869999995, "tokens_per_sec": 6.822238707751948, "ms_per_token": 142.9149641, "quality": {"unique_bigram_ratio": 0.1282051282051282, "unique_trigram_ratio": 0.13157894736842105, "max_repeat_run": 36, "token_count": 40, "hit_eos": false}}, {"prompt": "In machine learning, gradient descent is used to", "generated_text": " train the neural network. The neural network is trained to find the solution to the problem. The solution to the problem is the solution to the problem. The solution to the problem is the solution to the", "generated_tokens": [5542, 279, 30828, 4009, 13, 578, 30828, 4009, 374, 16572, 311, 1505, 279, 6425, 311, 279, 3575, 13, 578, 6425, 311, 279, 3575, 374, 279, 6425, 311, 279, 3575, 13, 578, 6425, 311, 279, 3575, 374, 279, 6425, 311, 279], "prompt_tokens": 10, "num_generated": 40, "prefill_time_ms": 993.7215550000001, "decode_time_ms": 6081.17916, "total_time_ms": 7075.010243999999, "tokens_per_sec": 6.41322989734116, "ms_per_token": 152.02947899999998, "quality": {"unique_bigram_ratio": 0.48717948717948717, "unique_trigram_ratio": 0.5789473684210527, "max_repeat_run": 0, "token_count": 40, "hit_eos": false}}], "summary": {"avg_prefill_ms": 2110.4738782, "avg_decode_ms_per_token": 142.11817514999998, "avg_tokens_per_sec": 6.870191366866578, "total_tokens_generated": 200, "total_time_ms": 38976.450976, "peak_memory_mb": 4900.5546875, "avg_unique_bigram_ratio": 0.4205128205128205, "avg_unique_trigram_ratio": 0.4842105263157895, "avg_max_repeat_run": 7.2}, "paging_info": {"page_hits": 5615, "page_faults": 16, "fault_rate_pct": 0.28414136032676257, "layers_loaded": 16, "layers_evicted": 0, "load_time_ms": 6167.019586999999, "active_layers": 16, "total_layers": 16, "profiling_time_ms": 275807.844711, "layer_importance_scores": [77.95556948038428, 113.3272042209053, 61.83891085616474, 67.3513212382353, 68.986797319496, 64.31323253328668, 64.92354680865436, 60.54977581410794, 63.34662805680056, 75.83526106070177, 69.11902327605198, 73.18107579615312, 80.05311210817159, 85.48212303715621, 93.92534107968291, 135.3689770888743], "layer_quant_assignments": ["none", "q4", "none", "none", "none", "none", "none", "none", "none", "none", "none", "none", "none", "none", "none", "q4"], "layer_stability_top_k_overlap": 1.0, "scorer_comparison": {"scores_proxy": [77.95556948038428, 113.3272042209053, 61.83891085616474, 67.3513212382353, 68.986797319496, 64.31323253328668, 64.92354680865436, 60.54977581410794, 63.34662805680056, 75.83526106070177, 69.11902327605198, 73.18107579615312, 80.05311210817159, 85.48212303715621, 93.92534107968291, 135.3689770888743], "scores_ffn_only": [4.8791070142406365, 53.18396463806992, 2.001616082654332, 2.3015562763890958, 2.5665689331327046, 2.5448210448647868, 2.8065258907374164, 2.925343753745734, 3.7756627587228064, 4.0417652571785085, 4.143045784755928, 4.1360752230046245, 4.538826639008705, 6.260803493808805, 13.427993696181174, 48.35314336721745], "scores_attn_proxy": [73.07646246614364, 60.143239582835385, 59.837294773510386, 65.04976496184618, 66.42022838636329, 61.76841148842188, 62.11702091791695, 57.624432060362196, 59.57096529807773, 71.79349580352326, 64.97597749129602, 69.04500057314854, 75.5142854691629, 79.22131954334739, 80.49734738350173, 87.01583372165679], "scores_input_l2": [9.38749717414499, 15.478076467378743, 17.621546264672574, 16.283591104675214, 17.539918379557005, 19.756103401713407, 19.260950720452076, 18.7590452976744, 20.581939995858782, 19.188870721836743, 22.24861763267083, 21.3341288046703, 21.09808194456801, 23.405167309538193, 21.486974006329426, 21.626059158856208], "tau_ffn_vs_proxy": 0.7166666666666667, "tau_attn_vs_proxy": 0.7666666666666667, "tau_input_vs_proxy": 0.18333333333333332, "topk_ffn_vs_proxy": 0.875, "topk_attn_vs_proxy": 0.875, "topk_input_vs_proxy": 0.625, "attn_proxy_cost_ms": 599.241942, "total_time_ms": 275807.320749, "attn_proxy_fraction": 0.002172683235429213}}, "task_results": [{"category": "qa", "prompt": "The capital of France is", "expected": "paris", "generated": " a very popular tourist destination. The reason why the number of the number of the number of the number", "passed": false}, {"category": "qa", "prompt": "Water is composed of hydrogen and", "expected": "oxygen", "generated": " oxygen. Oxygen is composed of hydrogen and oxygen. Oxygen. Oxygen. Oxygen. Oxygen. Oxygen.", "passed": true}, {"category": "qa", "prompt": "The largest planet in the solar system is", "expected": "jupiter",