{"model_path": "/models/llama1b", "model_arch": "Llama", "model_params": "1.2B", "num_layers": 16, "hidden_size": 2048, "timestamp": "1776041444", "params": {"max_new_tokens": 40, "temperature": 0.0, "top_p": 1.0, "hot_budget_mb": 91708, "warm_budget_mb": 275124, "target_bpw": 3.0, "num_prompts": 5}, "configurations": [{"config": "C_profiled_quant", "label": "C: Profiled + Quantized (PG + AWQ)", "results": [{"prompt": "The theory of general relativity explains that", "generated_text": " the method of the science of the study of the results of the results of the results of the results of the results of the results of the results of the results of the results of the results of the", "generated_tokens": [279, 1749, 315, 279, 8198, 315, 279, 4007, 315, 279, 3135, 315, 279, 3135, 315, 279, 3135, 315, 279, 3135, 315, 279, 3135, 315, 279, 3135, 315, 279, 3135, 315, 279, 3135, 315, 279, 3135, 315, 279, 3135, 315, 279], "prompt_tokens": 9, "num_generated": 40, "prefill_time_ms": 36366.252096, "decode_time_ms": 8871.530173, "total_time_ms": 45237.849017, "tokens_per_sec": 4.396084918776954, "ms_per_token": 221.78825432499997, "quality": {"unique_bigram_ratio": 0.23076923076923078, "unique_trigram_ratio": 0.2894736842105263, "max_repeat_run": 0, "token_count": 40, "hit_eos": false}}, {"prompt": "The three branches of the United States government are", "generated_text": " the following.\nThe first is the the the the the the the the the the the the the the the the the the the the the the the the the the the the the the the the the the", "generated_tokens": [279, 2768, 627, 791, 1176, 374, 279, 279, 279, 279, 279, 279, 279, 279, 279, 279, 279, 279, 279, 279, 279, 279, 279, 279, 279, 279, 279, 279, 279, 279, 279, 279, 279, 279, 279, 279, 279, 279, 279, 279], "prompt_tokens": 10, "num_generated": 40, "prefill_time_ms": 1689.535599, "decode_time_ms": 8461.91716, "total_time_ms": 10151.519928000002, "tokens_per_sec": 4.608884637202002, "ms_per_token": 211.547929, "quality": {"unique_bigram_ratio": 0.1794871794871795, "unique_trigram_ratio": 0.18421052631578946, "max_repeat_run": 34, "token_count": 40, "hit_eos": false}}, {"prompt": "Photosynthesis is the process by which plants", "generated_text": " are. The process is to be the state of the world. The world is the world. The world is the world. The world is the world. The world is the world. The world is", "generated_tokens": [527, 13, 578, 1920, 374, 311, 387, 279, 1614, 315, 279, 1917, 13, 578, 1917, 374, 279, 1917, 13, 578, 1917, 374, 279, 1917, 13, 578, 1917, 374, 279, 1917, 13, 578, 1917, 374, 279, 1917, 13, 578, 1917, 374], "prompt_tokens": 9, "num_generated": 40, "prefill_time_ms": 1504.262357, "decode_time_ms": 8538.668138, "total_time_ms": 10042.996752000001, "tokens_per_sec": 4.567457051813108, "ms_per_token": 213.46670345, "quality": {"unique_bigram_ratio": 0.38461538461538464, "unique_trigram_ratio": 0.42105263157894735, "max_repeat_run": 0, "token_count": 40, "hit_eos": false}}, {"prompt": "def fibonacci(n):", "generated_text": " return fibonacci(n) if fibonacci(n) == fibonacci(n) == fibonacci(n) == fibonacci(n) == fibonacci(n) == fibonacci(n) == fibonacci(n) == fibonacci(n) == fibonacci(n)", "generated_tokens": [471, 76798, 1471, 8, 422, 76798, 1471, 8, 624, 76798, 1471, 8, 624, 76798, 1471, 8, 624, 76798, 1471, 8, 624, 76798, 1471, 8, 624, 76798, 1471, 8, 624, 76798, 1471, 8, 624, 76798, 1471, 8, 624, 76798, 1471, 8], "prompt_tokens": 5, "num_generated": 40, "prefill_time_ms": 864.573871, "decode_time_ms": 8160.285714000001, "total_time_ms": 9024.957132000001, "tokens_per_sec": 4.779244424382172, "ms_per_token": 204.00714285, "quality": {"unique_bigram_ratio": 0.1794871794871795, "unique_trigram_ratio": 0.21052631578947367, "max_repeat_run": 0, "token_count": 40, "hit_eos": false}}, {"prompt": "In machine learning, gradient descent is used to", "generated_text": " calculate the results.\nThe results are the data.\nThe data are the information.\nThe information are the the the the the the the the the the the the the the the the the the the the the", "generated_tokens": [11294, 279, 3135, 627, 791, 3135, 527, 279, 828, 627, 791, 828, 527, 279, 2038, 627, 791, 2038, 527, 279, 279, 279, 279, 279, 279, 279, 279, 279, 279, 279, 279, 279, 279, 279, 279, 279, 279, 279, 279, 279], "prompt_tokens": 10, "num_generated": 40, "prefill_time_ms": 1664.2101710000002, "decode_time_ms": 8111.702859999999, "total_time_ms": 9776.002030000001, "tokens_per_sec": 4.807868418395198, "ms_per_token": 202.79257149999998, "quality": {"unique_bigram_ratio": 0.41025641025641024, "unique_trigram_ratio": 0.5263157894736842, "max_repeat_run": 21, "token_count": 40, "hit_eos": false}}], "summary": {"avg_prefill_ms": 8417.766818799999, "avg_decode_ms_per_token": 210.72052022499997, "avg_tokens_per_sec": 4.6319078901138875, "total_tokens_generated": 200, "total_time_ms": 84233.324859, "peak_memory_mb": 4104.03515625, "avg_unique_bigram_ratio": 0.27692307692307694, "avg_unique_trigram_ratio": 0.32631578947368417, "avg_max_repeat_run": 11.0}, "paging_info": {"page_hits": 5759, "page_faults": 16, "fault_rate_pct": 0.27705627705627706, "layers_loaded": 16, "layers_evicted": 0, "load_time_ms": 34799.183757, "active_layers": 16, "total_layers": 16, "profiling_time_ms": 1516376.3994139999, "layer_importance_scores": [77.78533176849382, 110.49560640216792, 61.53534697368004, 69.81537213740867, 69.26062396272786, 65.37572309432768, 66.98793943843069, 61.90786701119773, 64.08024970442885, 77.00163929774881, 69.4382576198837, 75.4264842382068, 81.05197757011719, 86.39802357217822, 91.46546114901422, 134.87786289621351], "layer_quant_assignments": ["q4", "q4", "none", "q4", "q4", "none", "q4", "none", "none", "q4", "q4", "q4", "q4", "q4", "q4", "q4"], "layer_stability_top_k_overlap": 1.0, "scorer_comparison": {"scores_proxy": [77.78533176849382, 110.49560640216792, 61.53534697368004, 69.81537213740867, 69.26062396272786, 65.37572309432768, 66.98793943843069, 61.90786701119773, 64.08024970442885, 77.00163929774881, 69.4382576198837, 75.4264842382068, 81.05197757011719, 86.39802357217822, 91.46546114901422, 134.87786289621351], "scores_ffn_only": [4.756848713393245, 51.28297915485094, 1.8942017669451765, 2.3480861991009054, 2.576736850527362, 2.535385740666829, 2.801459232465232, 2.939819844388763, 3.815075898615561, 4.150415837523071, 4.174365231683237, 4.290839625177852, 4.709438163617056, 6.24835228004851, 10.692290274045936, 46.902808899154735], "scores_attn_proxy": [73.0284830551006, 59.212627247316966, 59.64114520673484, 67.46728593830778, 66.68388711220051, 62.84033735366083, 64.18648020596548, 58.96804716680899, 60.265173805813276, 72.8512234602257, 65.26389238820047, 71.13564461302896, 76.34253940650012, 80.1496712921297, 80.77317087496829, 87.97505399705871], "scores_input_l2": [9.38749717414499, 15.445966221560404, 17.791497013709453, 16.337859175336828, 17.73206710834389, 20.028033497645765, 19.544819170516114, 19.030153066430007, 20.835002656520548, 19.47941055930245, 22.65146707742243, 21.664200330557716, 21.48146944209682, 23.77571929447108, 21.572414632458003, 21.709104863800647], "tau_ffn_vs_proxy": 0.7166666666666667, "tau_attn_vs_proxy": 0.75, "tau_input_vs_proxy": 0.15, "topk_ffn_vs_proxy": 0.875, "topk_attn_vs_proxy": 0.875, "topk_input_vs_proxy": 0.625, "attn_proxy_cost_ms": 732.090068, "total_time_ms": 1516375.921971, "attn_proxy_fraction": 0.00048278929874356105}}, "task_results": [{"category": "qa", "prompt": "The capital of France is", "expected": "paris", "generated": " the the the the the the the the the the the the the the the the the the the the", "passed": false}, {"category": "qa", "prompt": "Water is composed of hydrogen and", "expected": "oxygen", "generated": " lithium. Hydrogen and lithium are the elements that are composed of the elements that are composed of the", "passed": false}, {"category": "qa", "prompt": "The largest planet in the solar system is", "expected": "jupiter",