{"model_path": "/models/llama1b", "model_arch": "Llama", "model_params": "1.2B", "num_layers": 16, "hidden_size": 2048, "timestamp": "1776036080", "params": {"max_new_tokens": 40, "temperature": 0.0, "top_p": 1.0, "hot_budget_mb": 91708, "warm_budget_mb": 275124, "target_bpw": 1.0, "num_prompts": 5}, "configurations": [{"config": "C_profiled_quant", "label": "C: Profiled + Quantized (PG + AWQ)", "results": [{"prompt": "The theory of general relativity explains that", "generated_text": " the following is the case.\n1. The general relativity is the case.\n2. The general relativity is the case.\n3. The general relativity is the case.\n4. The general", "generated_tokens": [279, 2768, 374, 279, 1162, 627, 16, 13, 578, 4689, 1375, 44515, 374, 279, 1162, 627, 17, 13, 578, 4689, 1375, 44515, 374, 279, 1162, 627, 18, 13, 578, 4689, 1375, 44515, 374, 279, 1162, 627, 19, 13, 578, 4689], "prompt_tokens": 9, "num_generated": 40, "prefill_time_ms": 13618.695392, "decode_time_ms": 7432.800191, "total_time_ms": 21051.565517, "tokens_per_sec": 5.247013103785989, "ms_per_token": 185.820004775, "quality": {"unique_bigram_ratio": 0.46153846153846156, "unique_trigram_ratio": 0.5526315789473685, "max_repeat_run": 0, "token_count": 40, "hit_eos": false}}, {"prompt": "The three branches of the United States government are", "generated_text": " the following:\n1. The President is the chief executive of the country.\n2. The The The The The The The The The The The The The The The The The The The The The The The", "generated_tokens": [279, 2768, 512, 16, 13, 578, 4900, 374, 279, 10388, 11145, 315, 279, 3224, 627, 17, 13, 578, 578, 578, 578, 578, 578, 578, 578, 578, 578, 578, 578, 578, 578, 578, 578, 578, 578, 578, 578, 578, 578, 578], "prompt_tokens": 10, "num_generated": 40, "prefill_time_ms": 1161.5714289999999, "decode_time_ms": 7456.601273, "total_time_ms": 8618.240882, "tokens_per_sec": 5.230264911873074, "ms_per_token": 186.415031825, "quality": {"unique_bigram_ratio": 0.4358974358974359, "unique_trigram_ratio": 0.47368421052631576, "max_repeat_run": 23, "token_count": 40, "hit_eos": false}}, {"prompt": "Photosynthesis is the process by which plants", "generated_text": " and animals are able to grow. The process by which plants and animals are able to grow is the process by which plants and animals are able to grow. The process by which plants and animals are able", "generated_tokens": [323, 10099, 527, 3025, 311, 3139, 13, 578, 1920, 555, 902, 11012, 323, 10099, 527, 3025, 311, 3139, 374, 279, 1920, 555, 902, 11012, 323, 10099, 527, 3025, 311, 3139, 13, 578, 1920, 555, 902, 11012, 323, 10099, 527, 3025], "prompt_tokens": 9, "num_generated": 40, "prefill_time_ms": 1059.7613370000001, "decode_time_ms": 7688.415216, "total_time_ms": 8748.243482, "tokens_per_sec": 5.072566830006648, "ms_per_token": 192.21038040000002, "quality": {"unique_bigram_ratio": 0.38461538461538464, "unique_trigram_ratio": 0.42105263157894735, "max_repeat_run": 0, "token_count": 40, "hit_eos": false}}, {"prompt": "def fibonacci(n):", "generated_text": " return fibonacci(n) n n n n n n n n n n n n n n n n n n n n n n n n n n n n n n n n n n n n", "generated_tokens": [471, 76798, 1471, 8, 308, 308, 308, 308, 308, 308, 308, 308, 308, 308, 308, 308, 308, 308, 308, 308, 308, 308, 308, 308, 308, 308, 308, 308, 308, 308, 308, 308, 308, 308, 308, 308, 308, 308, 308, 308], "prompt_tokens": 5, "num_generated": 40, "prefill_time_ms": 643.115776, "decode_time_ms": 7395.919779, "total_time_ms": 8039.102603, "tokens_per_sec": 5.273177801459764, "ms_per_token": 184.897994475, "quality": {"unique_bigram_ratio": 0.1282051282051282, "unique_trigram_ratio": 0.13157894736842105, "max_repeat_run": 36, "token_count": 40, "hit_eos": false}}, {"prompt": "In machine learning, gradient descent is used to", "generated_text": " train the model. In machine learning, the model is trained to find the solution. In machine learning, the solution is found by the algorithm. In machine learning, the algorithm is trained to find the", "generated_tokens": [5542, 279, 1646, 13, 763, 5780, 6975, 11, 279, 1646, 374, 16572, 311, 1505, 279, 6425, 13, 763, 5780, 6975, 11, 279, 6425, 374, 1766, 555, 279, 12384, 13, 763, 5780, 6975, 11, 279, 12384, 374, 16572, 311, 1505, 279], "prompt_tokens": 10, "num_generated": 40, "prefill_time_ms": 1172.1960250000002, "decode_time_ms": 7479.938938, "total_time_ms": 8652.203264, "tokens_per_sec": 5.213946306683072, "ms_per_token": 186.99847345, "quality": {"unique_bigram_ratio": 0.5641025641025641, "unique_trigram_ratio": 0.7105263157894737, "max_repeat_run": 0, "token_count": 40, "hit_eos": false}}], "summary": {"avg_prefill_ms": 3531.0679918, "avg_decode_ms_per_token": 187.268376985, "avg_tokens_per_sec": 5.207393790761709, "total_tokens_generated": 200, "total_time_ms": 55109.355748, "peak_memory_mb": 4743.60546875, "avg_unique_bigram_ratio": 0.3948717948717949, "avg_unique_trigram_ratio": 0.4578947368421053, "avg_max_repeat_run": 11.8}, "paging_info": {"page_hits": 5615, "page_faults": 16, "fault_rate_pct": 0.28414136032676257, "layers_loaded": 16, "layers_evicted": 0, "load_time_ms": 12504.250168, "active_layers": 16, "total_layers": 16, "profiling_time_ms": 515621.66907100007, "layer_importance_scores": [77.95556948038428, 113.3272042209053, 61.83891085616474, 67.3513212382353, 68.986797319496, 64.31323253328668, 64.92354680865436, 60.54977581410794, 63.34662805680056, 75.83526106070177, 69.11902327605198, 73.18107579615312, 79.9058258083709, 85.2518779184854, 92.91381558858284, 135.61125833759027], "layer_quant_assignments": ["none", "q4", "none", "none", "none", "none", "none", "none", "none", "none", "none", "none", "none", "q4", "q4", "q4"], "layer_stability_top_k_overlap": 1.0, "scorer_comparison": {"scores_proxy": [77.95556948038428, 113.3272042209053, 61.83891085616474, 67.3513212382353, 68.986797319496, 64.31323253328668, 64.92354680865436, 60.54977581410794, 63.34662805680056, 75.83526106070177, 69.11902327605198, 73.18107579615312, 79.9058258083709, 85.2518779184854, 92.91381558858284, 135.61125833759027], "scores_ffn_only": [4.8791070142406365, 53.18396463806992, 2.001616082654332, 2.3015562763890958, 2.5665689331327046, 2.5448210448647868, 2.8065258907374164, 2.925343753745734, 3.7756627587228064, 4.0417652571785085, 4.143045784755928, 4.1360752230046245, 4.555687605357291, 6.17680990090487, 12.523446036677498, 48.44656570637472], "scores_attn_proxy": [73.07646246614364, 60.143239582835385, 59.837294773510386, 65.04976496184618, 66.42022838636329, 61.76841148842188, 62.11702091791695, 57.624432060362196, 59.57096529807773, 71.79349580352326, 64.97597749129602, 69.04500057314854, 75.3501382030136, 79.07506801758058, 80.39036955190532, 87.16469263121559], "scores_input_l2": [9.38749717414499, 15.478076467378743, 17.621546264672574, 16.283591104675214, 17.539918379557005, 19.756103401713407, 19.260950720452076, 18.7590452976744, 20.581939995858782, 19.188870721836743, 22.24861763267083, 21.3341288046703, 21.09808194456801, 23.41074543047625, 21.515889257560517, 21.652939175468994], "tau_ffn_vs_proxy": 0.7166666666666667, "tau_attn_vs_proxy": 0.7666666666666667, "tau_input_vs_proxy": 0.18333333333333332, "topk_ffn_vs_proxy": 0.875, "topk_attn_vs_proxy": 0.875, "topk_input_vs_proxy": 0.625, "attn_proxy_cost_ms": 677.375507, "total_time_ms": 515621.233007, "attn_proxy_fraction": 0.001313707550501133}}, "task_results": [{"category": "qa", "prompt": "The capital of France is", "expected": "paris", "generated": " a very popular and a very well known and a very good and a very good and a very good", "passed": false}, {"category": "qa", "prompt": "Water is composed of hydrogen and", "expected": "oxygen", "generated": " oxygen. Oxygen is composed of hydrogen and oxygen. Oxygen. Oxygen. Oxygen. Oxygen. Oxygen.", "passed": true}, {"category": "qa", "prompt": "The largest planet in the solar system is", "expected": "jupiter",