{
  "model_path": "/home/ai/.cache/nve/models/meta-llama--Llama-3.2-1B",
  "model_arch": "Llama",
  "model_params": "1.2B",
  "num_layers": 16,
  "hidden_size": 2048,
  "timestamp": "1776021761",
  "params": {
    "max_new_tokens": 40,
    "temperature": 0.0,
    "top_p": 1.0,
    "hot_budget_mb": 500,
    "warm_budget_mb": 1000,
    "target_bpw": 2.0,
    "num_prompts": 5
  },
  "configurations": [
    {
      "config": "B_profiled_hot",
      "label": "B: Profiled Hot-Only (bf16, best layers)",
      "results": [
        {
          "prompt": "The theory of general relativity explains that",
          "generated_text": "5 not  mirustustleileileileileileileileileileileileileileileileileileileileileileileileileileileileileileileileileilei",
          "generated_tokens": [
            20,
            539,
            4194,
            8822,
            592,
            592,
            63885,
            63885,
            63885,
            63885,
            63885,
            63885,
            63885,
            63885,
            63885,
            63885,
            63885,
            63885,
            63885,
            63885,
            63885,
            63885,
            63885,
            63885,
            63885,
            63885,
            63885,
            63885,
            63885,
            63885,
            63885,
            63885,
            63885,
            63885,
            63885,
            63885,
            63885,
            63885,
            63885,
            63885
          ],
          "prompt_tokens": 9,
          "num_generated": 40,
          "prefill_time_ms": 719.287713,
          "decode_time_ms": 3504.48616,
          "total_time_ms": 4223.878042,
          "tokens_per_sec": 11.128592957547877,
          "ms_per_token": 87.612154,
          "quality": {
            "unique_bigram_ratio": 0.1794871794871795,
            "unique_trigram_ratio": 0.18421052631578946,
            "max_repeat_run": 34,
            "token_count": 40,
            "hit_eos": false
          }
        },
        {
          "prompt": "The three branches of the United States government are",
          "generated_text": " dis disune地.. able able mirenc7 ^{7297296 mirencumpumpace ed mirynynynynynynynynynynynynynynynynynynyn",
          "generated_tokens": [
            834,
            834,
            2957,
            30590,
            497,
            3025,
            3025,
            8822,
            967,
            22,
            101122,
            22194,
            22194,
            21,
            8822,
            967,
            1538,
            1538,
            580,
            1608,
            8822,
            1910,
            1910,
            1910,
            1910,
            1910,
            1910,
            1910,
            1910,
            1910,
            1910,
            1910,
            1910,
            1910,
            1910,
            1910,
            1910,
            1910,
            1910,
            1910
          ],
          "prompt_tokens": 10,
          "num_generated": 40,
          "prefill_time_ms": 520.738328,
          "decode_time_ms": 3543.190916,
          "total_time_ms": 4064.0350769999995,
          "tokens_per_sec": 11.007027542288947,
          "ms_per_token": 88.5797729,
          "quality": {
            "unique_bigram_ratio": 0.5384615384615384,
            "unique_trigram_ratio": 0.5789473684210527,
            "max_repeat_run": 19,
            "token_count": 40,
            "hit_eos": false
          }
        },
        {
          "prompt": "Photosynthesis is the process by which plants",
          "generated_text": " essence Vladimir essroatroat\\(ienynaynaynaynaynaynaynaynaynaynaynaynaynaynaynaynaynaynaynaynaynaahatahatahatahatahatahatahatahatahatahatahatahat",
          "generated_tokens": [
            28591,
            36011,
            4043,
            18283,
            18283,
            45392,
            3675,
            53444,
            53444,
            53444,
            53444,
            53444,
            53444,
            53444,
            53444,
            53444,
            53444,
            53444,
            53444,
            53444,
            53444,
            53444,
            53444,
            53444,
            53444,
            53444,
            53444,
            53444,
            117560,
            117560,
            117560,
            117560,
            117560,
            117560,
            117560,
            117560,
            117560,
            117560,
            117560,
            117560
          ],
          "prompt_tokens": 9,
          "num_generated": 40,
          "prefill_time_ms": 291.53077,
          "decode_time_ms": 3684.0437220000003,
          "total_time_ms": 3975.678182,
          "tokens_per_sec": 10.586193580468043,
          "ms_per_token": 92.10109305,
          "quality": {
            "unique_bigram_ratio": 0.2564102564102564,
            "unique_trigram_ratio": 0.2894736842105263,
            "max_repeat_run": 21,
            "token_count": 40,
            "hit_eos": false
          }
        },
        {
          "prompt": "def fibonacci(n):",
          "generated_text": "66 dis dis BearingsPCMید Angelesquotesquotesquotesquotesquotesquotesquotesquotesquotesquotesquotesquotesquotesquotesquotesquotesquotesquotesquotesquotesquotesquotesquotesquotesquotesquotesquotesquotesquotesquotesquotesquotes",
          "generated_tokens": [
            21,
            21,
            834,
            834,
            65416,
            89611,
            66143,
            12167,
            54382,
            54382,
            54382,
            54382,
            54382,
            54382,
            54382,
            54382,
            54382,
            54382,
            54382,
            54382,
            54382,
            54382,
            54382,
            54382,
            54382,
            54382,
            54382,
            54382,
            54382,
            54382,
            54382,
            54382,
            54382,
            54382,
            54382,
            54382,
            54382,
            54382,
            54382,
            54382
          ],
          "prompt_tokens": 5,
          "num_generated": 40,
          "prefill_time_ms": 174.756077,
          "decode_time_ms": 3200.2841590000003,
          "total_time_ms": 3375.143864,
          "tokens_per_sec": 12.186417849903183,
          "ms_per_token": 80.007103975,
          "quality": {
            "unique_bigram_ratio": 0.23076923076923078,
            "unique_trigram_ratio": 0.23684210526315788,
            "max_repeat_run": 32,
            "token_count": 40,
            "hit_eos": false
          }
        },
        {
          "prompt": "In machine learning, gradient descent is used to",
          "generated_text": "pritpritpritpritpritpritpritpritpritpritpritpritpritpritpritpritpritpritpritpritpritpritpritpritpritpritpritpritpritpritpritpritpritpritpritpritpritpritpritprit",
          "generated_tokens": [
            40807,
            40807,
            40807,
            40807,
            40807,
            40807,
            40807,
            40807,
            40807,
            40807,
            40807,
            40807,
            40807,
            40807,
            40807,
            40807,
            40807,
            40807,
            40807,
            40807,
            40807,
            40807,
            40807,
            40807,
            40807,
            40807,
            40807,
            40807,
            40807,
            40807,
            40807,
            40807,
            40807,
            40807,
            40807,
            40807,
            40807,
            40807,
            40807,
            40807
          ],
          "prompt_tokens": 10,
          "num_generated": 40,
          "prefill_time_ms": 282.16141799999997,